{"cameraMode":{"drawMode":0,"name":"Shaded","section":"Shading Mode"},"sceneLighting":true,"audioPlay":false,"sceneViewState":{"showFog":true,"showMaterialUpdate":false,"showSkybox":true,"showFlares":true,"showImageEffects":true,"showParticleSystems":true},"in2DMode":false,"pivot":{"x":-0.019336920231580735,"y":0.026507675647735597,"z":1.7113888263702393},"rotation":{"x":-0.09018757194280625,"y":0.0035825553350150587,"z":-0.00032600032864138484,"w":-0.9959285855293274},"size":1.1902356147766114,"orthographic":false}